timestamp,cycle,mode,count_N,count_E,count_S,count_W,weighted_N,weighted_E,weighted_S,weighted_W,green_N,green_E,green_S,green_W,cycle_time_s,ext_pool_remaining,active_road,phase_label,fuel_saved_L,co2_saved_kg,avg_wait_adaptive_s,avg_wait_fixed_s,improvement_pct
14:17:49,1,AI+EXT,48,0,0,0,48.0,0.0,0.0,0.0,68.6,0.0,0.0,0.0,0.0,50.0,NORTH,NORTH  GREEN  (69s),0.000,0.000,0.00,120.00,100.0%
14:17:54,1,AI+EXT,48,0,0,0,48.0,0.0,0.0,0.0,68.6,0.0,0.0,0.0,0.0,50.0,NORTH,NORTH  GREEN  (69s),0.000,0.000,0.00,120.00,100.0%
14:17:59,1,AI+EXT,48,0,0,0,48.0,0.0,0.0,0.0,68.6,0.0,0.0,0.0,0.0,50.0,NORTH,NORTH  GREEN  (69s),0.000,0.000,0.00,120.00,100.0%
14:18:04,1,AI+EXT,48,0,0,0,48.0,0.0,0.0,0.0,68.6,0.0,0.0,0.0,0.0,50.0,NORTH,NORTH  GREEN  (69s),0.000,0.000,0.00,120.00,100.0%
14:18:09,1,AI+EXT,48,0,0,0,48.0,0.0,0.0,0.0,68.6,0.0,0.0,0.0,0.0,50.0,NORTH,NORTH  GREEN  (69s),0.000,0.000,0.00,120.00,100.0%
14:18:14,1,AI+EXT,48,0,0,0,48.0,0.0,0.0,0.0,68.6,0.0,0.0,0.0,0.0,50.0,NORTH,NORTH  GREEN  (69s),0.000,0.000,0.00,120.00,100.0%
14:18:19,1,AI+EXT,48,0,0,0,48.0,0.0,0.0,0.0,68.6,0.0,0.0,0.0,0.0,50.0,NORTH,NORTH  GREEN  (69s),0.000,0.000,0.00,120.00,100.0%
14:18:24,1,AI+EXT,48,0,0,0,48.0,0.0,0.0,0.0,68.6,0.0,0.0,0.0,0.0,50.0,NORTH,NORTH  GREEN  (69s),0.000,0.000,0.00,120.00,100.0%
14:18:29,1,AI+EXT,48,0,0,0,48.0,0.0,0.0,0.0,68.6,0.0,0.0,0.0,0.0,50.0,NORTH,NORTH  GREEN  (69s),0.000,0.000,0.00,120.00,100.0%
14:18:34,1,AI+EXT,48,0,0,0,48.0,0.0,0.0,0.0,68.6,0.0,0.0,0.0,0.0,50.0,NORTH,NORTH  GREEN  (69s),0.000,0.000,0.00,120.00,100.0%
14:18:39,1,AI+EXT,48,0,0,0,48.0,0.0,0.0,0.0,68.6,0.0,0.0,0.0,0.0,50.0,NORTH,NORTH  GREEN  (69s),0.000,0.000,0.00,120.00,100.0%
14:18:44,1,AI+EXT,48,0,0,0,48.0,0.0,0.0,0.0,68.6,0.0,0.0,0.0,0.0,50.0,NORTH,NORTH  GREEN  (69s),0.000,0.000,0.00,120.00,100.0%
14:18:49,1,AI+EXT,48,0,0,0,48.0,0.0,0.0,0.0,68.6,0.0,0.0,0.0,0.0,50.0,NORTH,NORTH  GREEN  (69s),0.000,0.000,0.00,120.00,100.0%
14:18:54,1,AI+EXT,48,0,0,0,48.0,0.0,0.0,0.0,68.6,0.0,0.0,0.0,0.0,50.0,NORTH,NORTH  GREEN  (69s),0.000,0.000,0.00,120.00,100.0%
14:18:59,1,AI+EXT,48,0,0,0,48.0,0.0,0.0,0.0,68.6,0.0,0.0,0.0,0.0,50.0,NORTH,NORTH  YELLOW  (3s),0.000,0.000,0.00,120.00,100.0%
14:19:04,1,AI+EXT,48,1,0,0,48.0,1.0,0.0,0.0,68.6,13.2,0.0,0.0,0.0,50.0,EAST,EAST  GREEN  (13s),0.000,0.000,0.00,120.00,100.0%
14:19:09,1,AI+EXT,48,1,0,0,48.0,1.0,0.0,0.0,68.6,13.2,0.0,0.0,0.0,50.0,EAST,EAST  GREEN  (13s),0.000,0.000,0.00,120.00,100.0%
14:19:14,1,AI+EXT,48,1,0,0,48.0,1.0,0.0,0.0,68.6,13.2,0.0,0.0,0.0,50.0,EAST,EAST  GREEN  (13s),0.000,0.000,0.00,120.00,100.0%
14:19:19,1,AI+EXT,48,1,2,0,48.0,1.0,2.0,0.0,68.6,13.2,14.4,0.0,0.0,50.0,SOUTH,SOUTH  GREEN  (14s),0.000,0.000,0.00,120.00,100.0%
14:19:24,1,AI+EXT,48,1,2,0,48.0,1.0,2.0,0.0,68.6,13.2,14.4,0.0,0.0,50.0,SOUTH,SOUTH  GREEN  (14s),0.000,0.000,0.00,120.00,100.0%
14:19:29,1,AI+EXT,48,1,2,0,48.0,1.0,2.0,0.0,68.6,13.2,14.4,0.0,0.0,50.0,SOUTH,SOUTH  GREEN  (14s),0.000,0.000,0.00,120.00,100.0%
14:19:34,1,AI+EXT,48,1,2,0,48.0,1.0,2.0,0.0,68.6,13.2,14.4,0.0,0.0,50.0,SOUTH,SOUTH  YELLOW  (3s),0.000,0.000,0.00,120.00,100.0%
14:19:39,1,AI+EXT,48,1,2,4,48.0,1.0,2.0,4.0,68.6,13.2,14.4,16.8,0.0,50.0,WEST,WEST  GREEN  (17s),0.000,0.000,0.00,120.00,100.0%
14:19:44,1,AI+EXT,48,1,2,4,48.0,1.0,2.0,4.0,68.6,13.2,14.4,16.8,0.0,50.0,WEST,WEST  GREEN  (17s),0.000,0.000,0.00,120.00,100.0%
14:19:49,1,AI+EXT,48,1,2,4,48.0,1.0,2.0,4.0,68.6,13.2,14.4,16.8,0.0,50.0,WEST,WEST  GREEN  (17s),0.000,0.000,0.00,120.00,100.0%
14:19:54,1,AI+EXT,48,1,2,4,48.0,1.0,2.0,4.0,68.6,13.2,14.4,16.8,0.0,50.0,WEST,WEST  YELLOW  (3s),0.000,0.000,0.00,120.00,100.0%
14:19:59,2,AI+EXT,57,0,0,0,57.0,0.0,0.0,0.0,77.2,0.0,0.0,0.0,113.0,50.0,NORTH,NORTH  GREEN  (77s),0.365,0.857,51.15,90.00,43.2%
14:20:04,2,AI+EXT,57,0,0,0,57.0,0.0,0.0,0.0,77.2,0.0,0.0,0.0,113.0,50.0,NORTH,NORTH  GREEN  (77s),0.365,0.857,51.15,90.00,43.2%
14:20:09,2,AI+EXT,57,0,0,0,57.0,0.0,0.0,0.0,77.2,0.0,0.0,0.0,113.0,50.0,NORTH,NORTH  GREEN  (77s),0.365,0.857,51.15,90.00,43.2%
14:20:14,2,AI+EXT,57,0,0,0,57.0,0.0,0.0,0.0,77.2,0.0,0.0,0.0,113.0,50.0,NORTH,NORTH  GREEN  (77s),0.365,0.857,51.15,90.00,43.2%
14:20:19,2,AI+EXT,57,0,0,0,57.0,0.0,0.0,0.0,77.2,0.0,0.0,0.0,113.0,50.0,NORTH,NORTH  GREEN  (77s),0.365,0.857,51.15,90.00,43.2%
14:20:24,2,AI+EXT,57,0,0,0,57.0,0.0,0.0,0.0,77.2,0.0,0.0,0.0,113.0,50.0,NORTH,NORTH  GREEN  (77s),0.365,0.857,51.15,90.00,43.2%
14:20:29,2,AI+EXT,57,0,0,0,57.0,0.0,0.0,0.0,77.2,0.0,0.0,0.0,113.0,50.0,NORTH,NORTH  GREEN  (77s),0.365,0.857,51.15,90.00,43.2%
14:20:34,2,AI+EXT,57,0,0,0,57.0,0.0,0.0,0.0,77.2,0.0,0.0,0.0,113.0,50.0,NORTH,NORTH  GREEN  (77s),0.365,0.857,51.15,90.00,43.2%
14:20:39,2,AI+EXT,57,0,0,0,57.0,0.0,0.0,0.0,77.2,0.0,0.0,0.0,113.0,50.0,NORTH,NORTH  GREEN  (77s),0.365,0.857,51.15,90.00,43.2%
14:20:44,2,AI+EXT,57,0,0,0,57.0,0.0,0.0,0.0,77.2,0.0,0.0,0.0,113.0,50.0,NORTH,NORTH  GREEN  (77s),0.365,0.857,51.15,90.00,43.2%
14:20:49,2,AI+EXT,57,0,0,0,57.0,0.0,0.0,0.0,77.2,0.0,0.0,0.0,113.0,50.0,NORTH,NORTH  GREEN  (77s),0.365,0.857,51.15,90.00,43.2%
14:20:54,2,AI+EXT,57,0,0,0,57.0,0.0,0.0,0.0,77.2,0.0,0.0,0.0,113.0,50.0,NORTH,NORTH  GREEN  (77s),0.365,0.857,51.15,90.00,43.2%
14:21:00,2,AI+EXT,57,0,0,0,57.0,0.0,0.0,0.0,77.2,0.0,0.0,0.0,113.0,50.0,NORTH,NORTH  GREEN  (77s),0.365,0.857,51.15,90.00,43.2%
14:21:05,2,AI+EXT,57,0,0,0,57.0,0.0,0.0,0.0,77.2,0.0,0.0,0.0,113.0,50.0,NORTH,NORTH  GREEN  (77s),0.365,0.857,51.15,90.00,43.2%
14:21:10,2,AI+EXT,57,0,0,0,57.0,0.0,0.0,0.0,77.2,0.0,0.0,0.0,113.0,50.0,NORTH,NORTH  GREEN  (77s),0.365,0.857,51.15,90.00,43.2%
14:21:15,2,AI+EXT,57,0,0,0,57.0,0.0,0.0,0.0,77.2,0.0,0.0,0.0,113.0,50.0,NORTH,NORTH  GREEN  (77s),0.365,0.857,51.15,90.00,43.2%
14:21:20,2,AI+EXT,57,6,0,0,57.0,6.0,0.0,0.0,77.2,20.1,0.0,0.0,113.0,50.0,EAST,EAST  GREEN  (20s),0.365,0.857,51.15,90.00,43.2%
14:21:25,2,AI+EXT,57,6,0,0,57.0,6.0,0.0,0.0,77.2,20.1,0.0,0.0,113.0,50.0,EAST,EAST  GREEN  (20s),0.365,0.857,51.15,90.00,43.2%
14:21:30,2,AI+EXT,57,6,0,0,57.0,6.0,0.0,0.0,77.2,20.1,0.0,0.0,113.0,50.0,EAST,EAST  GREEN  (20s),0.365,0.857,51.15,90.00,43.2%
14:21:35,2,AI+EXT,57,6,0,0,57.0,6.0,0.0,0.0,77.2,20.1,0.0,0.0,113.0,50.0,EAST,EAST  GREEN  (20s),0.365,0.857,51.15,90.00,43.2%
14:21:40,2,AI+EXT,57,6,0,0,57.0,6.0,0.0,0.0,77.2,20.1,0.0,0.0,113.0,50.0,EAST,EAST  YELLOW  (3s),0.365,0.857,51.15,90.00,43.2%
14:21:45,2,AI+EXT,57,6,5,0,57.0,6.0,5.0,0.0,77.2,20.1,18.0,0.0,113.0,50.0,SOUTH,SOUTH  GREEN  (18s),0.365,0.857,51.15,90.00,43.2%
14:21:50,2,AI+EXT,57,6,5,0,57.0,6.0,5.0,0.0,77.2,20.1,18.0,0.0,113.0,50.0,SOUTH,SOUTH  GREEN  (18s),0.365,0.857,51.15,90.00,43.2%
14:21:55,2,AI+EXT,57,6,5,0,57.0,6.0,5.0,0.0,77.2,20.1,18.0,0.0,113.0,50.0,SOUTH,SOUTH  GREEN  (18s),0.365,0.857,51.15,90.00,43.2%
14:22:00,2,AI+EXT,57,6,5,0,57.0,6.0,5.0,0.0,77.2,20.1,18.0,0.0,113.0,50.0,SOUTH,SOUTH  GREEN  (18s),0.365,0.857,51.15,90.00,43.2%
14:22:05,2,AI+EXT,57,6,5,0,57.0,6.0,5.0,0.0,77.2,20.1,18.0,0.0,113.0,50.0,SOUTH,ALL RED — clearance,0.365,0.857,51.15,90.00,43.2%
14:22:10,2,AI+EXT,57,6,5,3,57.0,6.0,5.0,3.0,77.2,20.1,18.0,15.6,113.0,50.0,WEST,WEST  GREEN  (16s),0.365,0.857,51.15,90.00,43.2%
14:22:15,2,AI+EXT,57,6,5,3,57.0,6.0,5.0,3.0,77.2,20.1,18.0,15.6,113.0,50.0,WEST,WEST  GREEN  (16s),0.365,0.857,51.15,90.00,43.2%
14:22:20,2,AI+EXT,57,6,5,3,57.0,6.0,5.0,3.0,77.2,20.1,18.0,15.6,113.0,50.0,WEST,WEST  GREEN  (16s),0.365,0.857,51.15,90.00,43.2%
14:22:25,3,AI+EXT,56,0,0,0,56.0,0.0,0.0,0.0,76.2,0.0,0.0,0.0,130.8,50.0,NORTH,NORTH  GREEN  (76s),0.710,1.668,58.22,90.00,35.3%
14:22:30,3,AI+EXT,56,0,0,0,56.0,0.0,0.0,0.0,76.2,0.0,0.0,0.0,130.8,50.0,NORTH,NORTH  GREEN  (76s),0.710,1.668,58.22,90.00,35.3%
14:22:35,3,AI+EXT,56,0,0,0,56.0,0.0,0.0,0.0,76.2,0.0,0.0,0.0,130.8,50.0,NORTH,NORTH  GREEN  (76s),0.710,1.668,58.22,90.00,35.3%
14:22:40,3,AI+EXT,56,0,0,0,56.0,0.0,0.0,0.0,76.2,0.0,0.0,0.0,130.8,50.0,NORTH,NORTH  GREEN  (76s),0.710,1.668,58.22,90.00,35.3%
14:22:45,3,AI+EXT,56,0,0,0,56.0,0.0,0.0,0.0,76.2,0.0,0.0,0.0,130.8,50.0,NORTH,NORTH  GREEN  (76s),0.710,1.668,58.22,90.00,35.3%
14:22:50,3,AI+EXT,56,0,0,0,56.0,0.0,0.0,0.0,76.2,0.0,0.0,0.0,130.8,50.0,NORTH,NORTH  GREEN  (76s),0.710,1.668,58.22,90.00,35.3%
14:22:55,3,AI+EXT,56,0,0,0,56.0,0.0,0.0,0.0,76.2,0.0,0.0,0.0,130.8,50.0,NORTH,NORTH  GREEN  (76s),0.710,1.668,58.22,90.00,35.3%
14:23:00,3,AI+EXT,56,0,0,0,56.0,0.0,0.0,0.0,76.2,0.0,0.0,0.0,130.8,50.0,NORTH,NORTH  GREEN  (76s),0.710,1.668,58.22,90.00,35.3%
14:23:05,3,AI+EXT,56,0,0,0,56.0,0.0,0.0,0.0,76.2,0.0,0.0,0.0,130.8,50.0,NORTH,NORTH  GREEN  (76s),0.710,1.668,58.22,90.00,35.3%
14:23:10,3,AI+EXT,56,0,0,0,56.0,0.0,0.0,0.0,76.2,0.0,0.0,0.0,130.8,50.0,NORTH,NORTH  GREEN  (76s),0.710,1.668,58.22,90.00,35.3%
14:23:15,3,AI+EXT,56,0,0,0,56.0,0.0,0.0,0.0,76.2,0.0,0.0,0.0,130.8,50.0,NORTH,NORTH  GREEN  (76s),0.710,1.668,58.22,90.00,35.3%
14:23:20,3,AI+EXT,56,0,0,0,56.0,0.0,0.0,0.0,76.2,0.0,0.0,0.0,130.8,50.0,NORTH,NORTH  GREEN  (76s),0.710,1.668,58.22,90.00,35.3%
14:23:25,3,AI+EXT,56,0,0,0,56.0,0.0,0.0,0.0,76.2,0.0,0.0,0.0,130.8,50.0,NORTH,NORTH  GREEN  (76s),0.710,1.668,58.22,90.00,35.3%
14:23:30,3,AI+EXT,56,0,0,0,56.0,0.0,0.0,0.0,76.2,0.0,0.0,0.0,130.8,50.0,NORTH,NORTH  GREEN  (76s),0.710,1.668,58.22,90.00,35.3%
14:23:35,3,AI+EXT,56,0,0,0,56.0,0.0,0.0,0.0,76.2,0.0,0.0,0.0,130.8,50.0,NORTH,NORTH  GREEN  (76s),0.710,1.668,58.22,90.00,35.3%
14:23:40,3,AI+EXT,56,0,0,0,56.0,0.0,0.0,0.0,76.2,0.0,0.0,0.0,130.8,50.0,NORTH,NORTH  GREEN  (76s),0.710,1.668,58.22,90.00,35.3%
14:23:45,3,AI+EXT,56,6,0,0,56.0,6.0,0.0,0.0,76.2,20.1,0.0,0.0,130.8,50.0,EAST,EAST  GREEN  (20s),0.710,1.668,58.22,90.00,35.3%
14:23:50,3,AI+EXT,56,6,0,0,56.0,6.0,0.0,0.0,76.2,20.1,0.0,0.0,130.8,50.0,EAST,EAST  GREEN  (20s),0.710,1.668,58.22,90.00,35.3%
14:23:55,3,AI+EXT,56,6,0,0,56.0,6.0,0.0,0.0,76.2,20.1,0.0,0.0,130.8,50.0,EAST,EAST  GREEN  (20s),0.710,1.668,58.22,90.00,35.3%
14:24:00,3,AI+EXT,56,6,0,0,56.0,6.0,0.0,0.0,76.2,20.1,0.0,0.0,130.8,50.0,EAST,EAST  GREEN  (20s),0.710,1.668,58.22,90.00,35.3%
14:24:05,3,AI+EXT,56,6,0,0,56.0,6.0,0.0,0.0,76.2,20.1,0.0,0.0,130.8,50.0,EAST,EAST  YELLOW  (3s),0.710,1.668,58.22,90.00,35.3%
14:24:10,3,AI+EXT,56,6,3,0,56.0,6.0,3.0,0.0,76.2,20.1,15.6,0.0,130.8,50.0,SOUTH,SOUTH  GREEN  (16s),0.710,1.668,58.22,90.00,35.3%
14:24:15,3,AI+EXT,56,6,3,0,56.0,6.0,3.0,0.0,76.2,20.1,15.6,0.0,130.8,50.0,SOUTH,SOUTH  GREEN  (16s),0.710,1.668,58.22,90.00,35.3%
14:24:20,3,AI+EXT,56,6,3,0,56.0,6.0,3.0,0.0,76.2,20.1,15.6,0.0,130.8,50.0,SOUTH,SOUTH  GREEN  (16s),0.710,1.668,58.22,90.00,35.3%
14:24:26,3,AI+EXT,56,6,3,0,56.0,6.0,3.0,0.0,76.2,20.1,15.6,0.0,130.8,50.0,SOUTH,SOUTH  YELLOW  (3s),0.710,1.668,58.22,90.00,35.3%
14:24:31,3,AI+EXT,56,6,3,4,56.0,6.0,3.0,4.0,76.2,20.1,15.6,16.8,130.8,50.0,WEST,WEST  GREEN  (17s),0.710,1.668,58.22,90.00,35.3%
14:24:36,3,AI+EXT,56,6,3,4,56.0,6.0,3.0,4.0,76.2,20.1,15.6,16.8,130.8,50.0,WEST,WEST  GREEN  (17s),0.710,1.668,58.22,90.00,35.3%
14:24:41,3,AI+EXT,56,6,3,4,56.0,6.0,3.0,4.0,76.2,20.1,15.6,16.8,130.8,50.0,WEST,WEST  GREEN  (17s),0.710,1.668,58.22,90.00,35.3%
14:24:46,3,AI+EXT,56,6,3,4,56.0,6.0,3.0,4.0,76.2,20.1,15.6,16.8,130.8,50.0,WEST,WEST  GREEN  (17s),0.710,1.668,58.22,90.00,35.3%
14:24:51,4,AI+EXT,51,0,0,0,51.0,0.0,0.0,0.0,71.5,0.0,0.0,0.0,128.7,50.0,NORTH,NORTH  GREEN  (71s),1.060,2.490,59.96,90.00,33.4%
14:24:56,4,AI+EXT,51,0,0,0,51.0,0.0,0.0,0.0,71.5,0.0,0.0,0.0,128.7,50.0,NORTH,NORTH  GREEN  (71s),1.060,2.490,59.96,90.00,33.4%
14:25:01,4,AI+EXT,51,0,0,0,51.0,0.0,0.0,0.0,71.5,0.0,0.0,0.0,128.7,50.0,NORTH,NORTH  GREEN  (71s),1.060,2.490,59.96,90.00,33.4%
14:25:06,4,AI+EXT,51,0,0,0,51.0,0.0,0.0,0.0,71.5,0.0,0.0,0.0,128.7,50.0,NORTH,NORTH  GREEN  (71s),1.060,2.490,59.96,90.00,33.4%
14:25:11,4,AI+EXT,51,0,0,0,51.0,0.0,0.0,0.0,71.5,0.0,0.0,0.0,128.7,50.0,NORTH,NORTH  GREEN  (71s),1.060,2.490,59.96,90.00,33.4%
14:25:16,4,AI+EXT,51,0,0,0,51.0,0.0,0.0,0.0,71.5,0.0,0.0,0.0,128.7,50.0,NORTH,NORTH  GREEN  (71s),1.060,2.490,59.96,90.00,33.4%
14:25:21,4,AI+EXT,51,0,0,0,51.0,0.0,0.0,0.0,71.5,0.0,0.0,0.0,128.7,50.0,NORTH,NORTH  GREEN  (71s),1.060,2.490,59.96,90.00,33.4%
14:25:26,4,AI+EXT,51,0,0,0,51.0,0.0,0.0,0.0,71.5,0.0,0.0,0.0,128.7,50.0,NORTH,NORTH  GREEN  (71s),1.060,2.490,59.96,90.00,33.4%
14:25:31,4,AI+EXT,51,0,0,0,51.0,0.0,0.0,0.0,71.5,0.0,0.0,0.0,128.7,50.0,NORTH,NORTH  GREEN  (71s),1.060,2.490,59.96,90.00,33.4%
14:25:36,4,AI+EXT,51,0,0,0,51.0,0.0,0.0,0.0,71.5,0.0,0.0,0.0,128.7,50.0,NORTH,NORTH  GREEN  (71s),1.060,2.490,59.96,90.00,33.4%
14:25:41,4,AI+EXT,51,0,0,0,51.0,0.0,0.0,0.0,71.5,0.0,0.0,0.0,128.7,50.0,NORTH,NORTH  GREEN  (71s),1.060,2.490,59.96,90.00,33.4%
14:25:46,4,AI+EXT,51,0,0,0,51.0,0.0,0.0,0.0,71.5,0.0,0.0,0.0,128.7,50.0,NORTH,NORTH  GREEN  (71s),1.060,2.490,59.96,90.00,33.4%
14:25:51,4,AI+EXT,51,0,0,0,51.0,0.0,0.0,0.0,71.5,0.0,0.0,0.0,128.7,50.0,NORTH,NORTH  GREEN  (71s),1.060,2.490,59.96,90.00,33.4%
14:25:56,4,AI+EXT,51,0,0,0,51.0,0.0,0.0,0.0,71.5,0.0,0.0,0.0,128.7,50.0,NORTH,NORTH  GREEN  (71s),1.060,2.490,59.96,90.00,33.4%
14:26:01,4,AI+EXT,51,0,0,0,51.0,0.0,0.0,0.0,71.5,0.0,0.0,0.0,128.7,50.0,NORTH,NORTH  GREEN  (71s),1.060,2.490,59.96,90.00,33.4%
14:26:06,4,AI+EXT,51,3,0,0,51.0,3.0,0.0,0.0,71.5,15.6,0.0,0.0,128.7,50.0,EAST,EAST  GREEN  (16s),1.060,2.490,59.96,90.00,33.4%
14:26:11,4,AI+EXT,51,3,0,0,51.0,3.0,0.0,0.0,71.5,15.6,0.0,0.0,128.7,50.0,EAST,EAST  GREEN  (16s),1.060,2.490,59.96,90.00,33.4%
14:26:16,4,AI+EXT,51,3,0,0,51.0,3.0,0.0,0.0,71.5,15.6,0.0,0.0,128.7,50.0,EAST,EAST  GREEN  (16s),1.060,2.490,59.96,90.00,33.4%
14:26:21,4,AI+EXT,51,3,0,0,51.0,3.0,0.0,0.0,71.5,15.6,0.0,0.0,128.7,50.0,EAST,EAST  GREEN  (16s),1.060,2.490,59.96,90.00,33.4%
14:26:26,4,AI+EXT,51,3,6,0,51.0,3.0,6.0,0.0,71.5,15.6,20.1,0.0,128.7,50.0,SOUTH,SOUTH  GREEN  (20s),1.060,2.490,59.96,90.00,33.4%
14:26:31,4,AI+EXT,51,3,6,0,51.0,3.0,6.0,0.0,71.5,15.6,20.1,0.0,128.7,50.0,SOUTH,SOUTH  GREEN  (20s),1.060,2.490,59.96,90.00,33.4%
14:26:36,4,AI+EXT,51,3,6,0,51.0,3.0,6.0,0.0,71.5,15.6,20.1,0.0,128.7,50.0,SOUTH,SOUTH  GREEN  (20s),1.060,2.490,59.96,90.00,33.4%
14:26:41,4,AI+EXT,51,3,6,0,51.0,3.0,6.0,0.0,71.5,15.6,20.1,0.0,128.7,50.0,SOUTH,SOUTH  GREEN  (20s),1.060,2.490,59.96,90.00,33.4%
14:26:46,4,AI+EXT,51,3,6,0,51.0,3.0,6.0,0.0,71.5,15.6,20.1,0.0,128.7,50.0,SOUTH,SOUTH  YELLOW  (3s),1.060,2.490,59.96,90.00,33.4%
14:26:51,4,AI+EXT,51,3,6,3,51.0,3.0,6.0,3.0,71.5,15.6,20.1,15.6,128.7,50.0,WEST,WEST  GREEN  (16s),1.060,2.490,59.96,90.00,33.4%
14:26:56,4,AI+EXT,51,3,6,3,51.0,3.0,6.0,3.0,71.5,15.6,20.1,15.6,128.7,50.0,WEST,WEST  GREEN  (16s),1.060,2.490,59.96,90.00,33.4%
14:27:01,4,AI+EXT,51,3,6,3,51.0,3.0,6.0,3.0,71.5,15.6,20.1,15.6,128.7,50.0,WEST,WEST  GREEN  (16s),1.060,2.490,59.96,90.00,33.4%
14:27:06,4,AI+EXT,51,3,6,3,51.0,3.0,6.0,3.0,71.5,15.6,20.1,15.6,128.7,50.0,WEST,WEST  YELLOW  (3s),1.060,2.490,59.96,90.00,33.4%
14:27:11,5,AI+EXT,56,0,0,0,56.0,0.0,0.0,0.0,76.2,0.0,0.0,0.0,122.8,50.0,NORTH,NORTH  GREEN  (76s),1.389,3.263,60.35,90.00,32.9%
14:27:16,5,AI+EXT,56,0,0,0,56.0,0.0,0.0,0.0,76.2,0.0,0.0,0.0,122.8,50.0,NORTH,NORTH  GREEN  (76s),1.389,3.263,60.35,90.00,32.9%
14:27:21,5,AI+EXT,56,0,0,0,56.0,0.0,0.0,0.0,76.2,0.0,0.0,0.0,122.8,50.0,NORTH,NORTH  GREEN  (76s),1.389,3.263,60.35,90.00,32.9%
14:27:26,5,AI+EXT,56,0,0,0,56.0,0.0,0.0,0.0,76.2,0.0,0.0,0.0,122.8,50.0,NORTH,NORTH  GREEN  (76s),1.389,3.263,60.35,90.00,32.9%
14:27:31,5,AI+EXT,56,0,0,0,56.0,0.0,0.0,0.0,76.2,0.0,0.0,0.0,122.8,50.0,NORTH,NORTH  GREEN  (76s),1.389,3.263,60.35,90.00,32.9%
14:27:36,5,AI+EXT,56,0,0,0,56.0,0.0,0.0,0.0,76.2,0.0,0.0,0.0,122.8,50.0,NORTH,NORTH  GREEN  (76s),1.389,3.263,60.35,90.00,32.9%
14:27:41,5,AI+EXT,56,0,0,0,56.0,0.0,0.0,0.0,76.2,0.0,0.0,0.0,122.8,50.0,NORTH,NORTH  GREEN  (76s),1.389,3.263,60.35,90.00,32.9%
14:27:46,5,AI+EXT,56,0,0,0,56.0,0.0,0.0,0.0,76.2,0.0,0.0,0.0,122.8,50.0,NORTH,NORTH  GREEN  (76s),1.389,3.263,60.35,90.00,32.9%
14:27:51,5,AI+EXT,56,0,0,0,56.0,0.0,0.0,0.0,76.2,0.0,0.0,0.0,122.8,50.0,NORTH,NORTH  GREEN  (76s),1.389,3.263,60.35,90.00,32.9%
14:27:56,5,AI+EXT,56,0,0,0,56.0,0.0,0.0,0.0,76.2,0.0,0.0,0.0,122.8,50.0,NORTH,NORTH  GREEN  (76s),1.389,3.263,60.35,90.00,32.9%
14:28:01,5,AI+EXT,56,0,0,0,56.0,0.0,0.0,0.0,76.2,0.0,0.0,0.0,122.8,50.0,NORTH,NORTH  GREEN  (76s),1.389,3.263,60.35,90.00,32.9%
14:28:06,5,AI+EXT,56,0,0,0,56.0,0.0,0.0,0.0,76.2,0.0,0.0,0.0,122.8,50.0,NORTH,NORTH  GREEN  (76s),1.389,3.263,60.35,90.00,32.9%
14:28:11,5,AI+EXT,56,0,0,0,56.0,0.0,0.0,0.0,76.2,0.0,0.0,0.0,122.8,50.0,NORTH,NORTH  GREEN  (76s),1.389,3.263,60.35,90.00,32.9%
14:28:16,5,AI+EXT,56,0,0,0,56.0,0.0,0.0,0.0,76.2,0.0,0.0,0.0,122.8,50.0,NORTH,NORTH  GREEN  (76s),1.389,3.263,60.35,90.00,32.9%
14:28:21,5,AI+EXT,56,0,0,0,56.0,0.0,0.0,0.0,76.2,0.0,0.0,0.0,122.8,50.0,NORTH,NORTH  GREEN  (76s),1.389,3.263,60.35,90.00,32.9%
14:28:26,5,AI+EXT,56,0,0,0,56.0,0.0,0.0,0.0,76.2,0.0,0.0,0.0,122.8,50.0,NORTH,NORTH  YELLOW  (3s),1.389,3.263,60.35,90.00,32.9%
14:28:31,5,AI+EXT,56,2,0,0,56.0,2.0,0.0,0.0,76.2,14.4,0.0,0.0,122.8,50.0,EAST,EAST  GREEN  (14s),1.389,3.263,60.35,90.00,32.9%
14:28:36,5,AI+EXT,56,2,0,0,56.0,2.0,0.0,0.0,76.2,14.4,0.0,0.0,122.8,50.0,EAST,EAST  GREEN  (14s),1.389,3.263,60.35,90.00,32.9%
14:28:41,5,AI+EXT,56,2,0,0,56.0,2.0,0.0,0.0,76.2,14.4,0.0,0.0,122.8,50.0,EAST,EAST  GREEN  (14s),1.389,3.263,60.35,90.00,32.9%
14:28:47,5,AI+EXT,56,2,0,0,56.0,2.0,0.0,0.0,76.2,14.4,0.0,0.0,122.8,50.0,EAST,EAST  YELLOW  (3s),1.389,3.263,60.35,90.00,32.9%
14:28:52,5,AI+EXT,56,2,4,0,56.0,2.0,4.0,0.0,76.2,14.4,16.8,0.0,122.8,50.0,SOUTH,SOUTH  GREEN  (17s),1.389,3.263,60.35,90.00,32.9%
14:28:57,5,AI+EXT,56,2,4,0,56.0,2.0,4.0,0.0,76.2,14.4,16.8,0.0,122.8,50.0,SOUTH,SOUTH  GREEN  (17s),1.389,3.263,60.35,90.00,32.9%
14:29:02,5,AI+EXT,56,2,4,0,56.0,2.0,4.0,0.0,76.2,14.4,16.8,0.0,122.8,50.0,SOUTH,SOUTH  GREEN  (17s),1.389,3.263,60.35,90.00,32.9%
14:29:07,5,AI+EXT,56,2,4,0,56.0,2.0,4.0,0.0,76.2,14.4,16.8,0.0,122.8,50.0,SOUTH,SOUTH  YELLOW  (3s),1.389,3.263,60.35,90.00,32.9%
14:29:12,5,AI+EXT,56,2,4,4,56.0,2.0,4.0,4.0,76.2,14.4,16.8,16.8,122.8,50.0,WEST,WEST  GREEN  (17s),1.389,3.263,60.35,90.00,32.9%
14:29:17,5,AI+EXT,56,2,4,4,56.0,2.0,4.0,4.0,76.2,14.4,16.8,16.8,122.8,50.0,WEST,WEST  GREEN  (17s),1.389,3.263,60.35,90.00,32.9%
14:29:22,5,AI+EXT,56,2,4,4,56.0,2.0,4.0,4.0,76.2,14.4,16.8,16.8,122.8,50.0,WEST,WEST  GREEN  (17s),1.389,3.263,60.35,90.00,32.9%
14:29:27,5,AI+EXT,56,2,4,4,56.0,2.0,4.0,4.0,76.2,14.4,16.8,16.8,122.8,50.0,WEST,WEST  YELLOW  (3s),1.389,3.263,60.35,90.00,32.9%
14:29:32,6,AI+EXT,58,0,0,0,58.0,0.0,0.0,0.0,78.1,0.0,0.0,0.0,124.2,50.0,NORTH,NORTH  GREEN  (78s),1.781,4.184,59.69,90.00,33.7%
14:29:37,6,AI+EXT,58,0,0,0,58.0,0.0,0.0,0.0,78.1,0.0,0.0,0.0,124.2,50.0,NORTH,NORTH  GREEN  (78s),1.781,4.184,59.69,90.00,33.7%
14:29:42,6,AI+EXT,58,0,0,0,58.0,0.0,0.0,0.0,78.1,0.0,0.0,0.0,124.2,50.0,NORTH,NORTH  GREEN  (78s),1.781,4.184,59.69,90.00,33.7%
14:29:47,6,AI+EXT,58,0,0,0,58.0,0.0,0.0,0.0,78.1,0.0,0.0,0.0,124.2,50.0,NORTH,NORTH  GREEN  (78s),1.781,4.184,59.69,90.00,33.7%
14:29:52,6,AI+EXT,58,0,0,0,58.0,0.0,0.0,0.0,78.1,0.0,0.0,0.0,124.2,50.0,NORTH,NORTH  GREEN  (78s),1.781,4.184,59.69,90.00,33.7%
14:29:57,6,AI+EXT,58,0,0,0,58.0,0.0,0.0,0.0,78.1,0.0,0.0,0.0,124.2,50.0,NORTH,NORTH  GREEN  (78s),1.781,4.184,59.69,90.00,33.7%
14:30:02,6,AI+EXT,58,0,0,0,58.0,0.0,0.0,0.0,78.1,0.0,0.0,0.0,124.2,50.0,NORTH,NORTH  GREEN  (78s),1.781,4.184,59.69,90.00,33.7%
14:30:07,6,AI+EXT,58,0,0,0,58.0,0.0,0.0,0.0,78.1,0.0,0.0,0.0,124.2,50.0,NORTH,NORTH  GREEN  (78s),1.781,4.184,59.69,90.00,33.7%
14:30:12,6,AI+EXT,58,0,0,0,58.0,0.0,0.0,0.0,78.1,0.0,0.0,0.0,124.2,50.0,NORTH,NORTH  GREEN  (78s),1.781,4.184,59.69,90.00,33.7%
14:30:17,6,AI+EXT,58,0,0,0,58.0,0.0,0.0,0.0,78.1,0.0,0.0,0.0,124.2,50.0,NORTH,NORTH  GREEN  (78s),1.781,4.184,59.69,90.00,33.7%
14:30:22,6,AI+EXT,58,0,0,0,58.0,0.0,0.0,0.0,78.1,0.0,0.0,0.0,124.2,50.0,NORTH,NORTH  GREEN  (78s),1.781,4.184,59.69,90.00,33.7%
14:30:27,6,AI+EXT,58,0,0,0,58.0,0.0,0.0,0.0,78.1,0.0,0.0,0.0,124.2,50.0,NORTH,NORTH  GREEN  (78s),1.781,4.184,59.69,90.00,33.7%
14:30:32,6,AI+EXT,58,0,0,0,58.0,0.0,0.0,0.0,78.1,0.0,0.0,0.0,124.2,50.0,NORTH,NORTH  GREEN  (78s),1.781,4.184,59.69,90.00,33.7%
14:30:37,6,AI+EXT,58,0,0,0,58.0,0.0,0.0,0.0,78.1,0.0,0.0,0.0,124.2,50.0,NORTH,NORTH  GREEN  (78s),1.781,4.184,59.69,90.00,33.7%
14:30:42,6,AI+EXT,58,0,0,0,58.0,0.0,0.0,0.0,78.1,0.0,0.0,0.0,124.2,50.0,NORTH,NORTH  GREEN  (78s),1.781,4.184,59.69,90.00,33.7%
14:30:47,6,AI+EXT,58,0,0,0,58.0,0.0,0.0,0.0,78.1,0.0,0.0,0.0,124.2,50.0,NORTH,NORTH  GREEN  (78s),1.781,4.184,59.69,90.00,33.7%
14:30:52,6,AI+EXT,58,4,0,0,58.0,4.0,0.0,0.0,78.1,16.8,0.0,0.0,124.2,50.0,EAST,EAST  GREEN  (17s),1.781,4.184,59.69,90.00,33.7%
14:30:57,6,AI+EXT,58,4,0,0,58.0,4.0,0.0,0.0,78.1,16.8,0.0,0.0,124.2,50.0,EAST,EAST  GREEN  (17s),1.781,4.184,59.69,90.00,33.7%
14:31:02,6,AI+EXT,58,4,0,0,58.0,4.0,0.0,0.0,78.1,16.8,0.0,0.0,124.2,50.0,EAST,EAST  GREEN  (17s),1.781,4.184,59.69,90.00,33.7%
14:31:07,6,AI+EXT,58,4,0,0,58.0,4.0,0.0,0.0,78.1,16.8,0.0,0.0,124.2,50.0,EAST,EAST  GREEN  (17s),1.781,4.184,59.69,90.00,33.7%
14:31:12,6,AI+EXT,58,4,0,0,58.0,4.0,0.0,0.0,78.1,16.8,0.0,0.0,124.2,50.0,EAST,ALL RED — clearance,1.781,4.184,59.69,90.00,33.7%
14:31:17,6,AI+EXT,58,4,5,0,58.0,4.0,5.0,0.0,78.1,16.8,18.0,0.0,124.2,50.0,SOUTH,SOUTH  GREEN  (18s),1.781,4.184,59.69,90.00,33.7%
14:31:22,6,AI+EXT,58,4,5,0,58.0,4.0,5.0,0.0,78.1,16.8,18.0,0.0,124.2,50.0,SOUTH,SOUTH  GREEN  (18s),1.781,4.184,59.69,90.00,33.7%
14:31:27,6,AI+EXT,58,4,5,0,58.0,4.0,5.0,0.0,78.1,16.8,18.0,0.0,124.2,50.0,SOUTH,SOUTH  GREEN  (18s),1.781,4.184,59.69,90.00,33.7%
14:31:32,6,AI+EXT,58,4,5,0,58.0,4.0,5.0,0.0,78.1,16.8,18.0,0.0,124.2,50.0,SOUTH,SOUTH  YELLOW  (3s),1.781,4.184,59.69,90.00,33.7%
14:31:37,6,AI+EXT,58,4,5,5,58.0,4.0,5.0,5.0,78.1,16.8,18.0,18.0,124.2,50.0,WEST,WEST  GREEN  (18s),1.781,4.184,59.69,90.00,33.7%
14:31:42,6,AI+EXT,58,4,5,5,58.0,4.0,5.0,5.0,78.1,16.8,18.0,18.0,124.2,50.0,WEST,WEST  GREEN  (18s),1.781,4.184,59.69,90.00,33.7%
14:31:47,6,AI+EXT,58,4,5,5,58.0,4.0,5.0,5.0,78.1,16.8,18.0,18.0,124.2,50.0,WEST,WEST  GREEN  (18s),1.781,4.184,59.69,90.00,33.7%
14:31:52,6,AI+EXT,58,4,5,5,58.0,4.0,5.0,5.0,78.1,16.8,18.0,18.0,124.2,50.0,WEST,WEST  GREEN  (18s),1.781,4.184,59.69,90.00,33.7%
14:31:57,7,AI+EXT,50,0,0,0,50.0,0.0,0.0,0.0,70.5,0.0,0.0,0.0,130.9,50.0,NORTH,NORTH  GREEN  (70s),2.140,5.029,60.50,90.00,32.8%
14:32:02,7,AI+EXT,50,0,0,0,50.0,0.0,0.0,0.0,70.5,0.0,0.0,0.0,130.9,50.0,NORTH,NORTH  GREEN  (70s),2.140,5.029,60.50,90.00,32.8%
14:32:07,7,AI+EXT,50,0,0,0,50.0,0.0,0.0,0.0,70.5,0.0,0.0,0.0,130.9,50.0,NORTH,NORTH  GREEN  (70s),2.140,5.029,60.50,90.00,32.8%
14:32:12,7,AI+EXT,50,0,0,0,50.0,0.0,0.0,0.0,70.5,0.0,0.0,0.0,130.9,50.0,NORTH,NORTH  GREEN  (70s),2.140,5.029,60.50,90.00,32.8%
14:32:17,7,AI+EXT,50,0,0,0,50.0,0.0,0.0,0.0,70.5,0.0,0.0,0.0,130.9,50.0,NORTH,NORTH  GREEN  (70s),2.140,5.029,60.50,90.00,32.8%
14:32:22,7,AI+EXT,50,0,0,0,50.0,0.0,0.0,0.0,70.5,0.0,0.0,0.0,130.9,50.0,NORTH,NORTH  GREEN  (70s),2.140,5.029,60.50,90.00,32.8%
14:32:27,7,AI+EXT,50,0,0,0,50.0,0.0,0.0,0.0,70.5,0.0,0.0,0.0,130.9,50.0,NORTH,NORTH  GREEN  (70s),2.140,5.029,60.50,90.00,32.8%
14:32:32,7,AI+EXT,50,0,0,0,50.0,0.0,0.0,0.0,70.5,0.0,0.0,0.0,130.9,50.0,NORTH,NORTH  GREEN  (70s),2.140,5.029,60.50,90.00,32.8%
14:32:37,7,AI+EXT,50,0,0,0,50.0,0.0,0.0,0.0,70.5,0.0,0.0,0.0,130.9,50.0,NORTH,NORTH  GREEN  (70s),2.140,5.029,60.50,90.00,32.8%
14:32:42,7,AI+EXT,50,0,0,0,50.0,0.0,0.0,0.0,70.5,0.0,0.0,0.0,130.9,50.0,NORTH,NORTH  GREEN  (70s),2.140,5.029,60.50,90.00,32.8%
14:32:48,7,AI+EXT,50,0,0,0,50.0,0.0,0.0,0.0,70.5,0.0,0.0,0.0,130.9,50.0,NORTH,NORTH  GREEN  (70s),2.140,5.029,60.50,90.00,32.8%
14:32:53,7,AI+EXT,50,0,0,0,50.0,0.0,0.0,0.0,70.5,0.0,0.0,0.0,130.9,50.0,NORTH,NORTH  GREEN  (70s),2.140,5.029,60.50,90.00,32.8%
14:32:58,7,AI+EXT,50,0,0,0,50.0,0.0,0.0,0.0,70.5,0.0,0.0,0.0,130.9,50.0,NORTH,NORTH  GREEN  (70s),2.140,5.029,60.50,90.00,32.8%
14:33:03,7,AI+EXT,50,0,0,0,50.0,0.0,0.0,0.0,70.5,0.0,0.0,0.0,130.9,50.0,NORTH,NORTH  GREEN  (70s),2.140,5.029,60.50,90.00,32.8%
14:33:08,7,AI+EXT,50,0,0,0,50.0,0.0,0.0,0.0,70.5,0.0,0.0,0.0,130.9,50.0,NORTH,NORTH  YELLOW  (3s),2.140,5.029,60.50,90.00,32.8%
14:33:13,7,AI+EXT,50,7,0,0,50.0,7.0,0.0,0.0,70.5,21.2,0.0,0.0,130.9,50.0,EAST,EAST  GREEN  (21s),2.140,5.029,60.50,90.00,32.8%
14:33:18,7,AI+EXT,50,7,0,0,50.0,7.0,0.0,0.0,70.5,21.2,0.0,0.0,130.9,50.0,EAST,EAST  GREEN  (21s),2.140,5.029,60.50,90.00,32.8%
14:33:23,7,AI+EXT,50,7,0,0,50.0,7.0,0.0,0.0,70.5,21.2,0.0,0.0,130.9,50.0,EAST,EAST  GREEN  (21s),2.140,5.029,60.50,90.00,32.8%
14:33:28,7,AI+EXT,50,7,0,0,50.0,7.0,0.0,0.0,70.5,21.2,0.0,0.0,130.9,50.0,EAST,EAST  GREEN  (21s),2.140,5.029,60.50,90.00,32.8%
14:33:33,7,AI+EXT,50,7,0,0,50.0,7.0,0.0,0.0,70.5,21.2,0.0,0.0,130.9,50.0,EAST,EAST  YELLOW  (3s),2.140,5.029,60.50,90.00,32.8%
14:33:38,7,AI+EXT,50,7,5,0,50.0,7.0,5.0,0.0,70.5,21.2,18.0,0.0,130.9,50.0,SOUTH,SOUTH  GREEN  (18s),2.140,5.029,60.50,90.00,32.8%
14:33:43,7,AI+EXT,50,7,5,0,50.0,7.0,5.0,0.0,70.5,21.2,18.0,0.0,130.9,50.0,SOUTH,SOUTH  GREEN  (18s),2.140,5.029,60.50,90.00,32.8%
14:33:48,7,AI+EXT,50,7,5,0,50.0,7.0,5.0,0.0,70.5,21.2,18.0,0.0,130.9,50.0,SOUTH,SOUTH  GREEN  (18s),2.140,5.029,60.50,90.00,32.8%
14:33:53,7,AI+EXT,50,7,5,0,50.0,7.0,5.0,0.0,70.5,21.2,18.0,0.0,130.9,50.0,SOUTH,SOUTH  GREEN  (18s),2.140,5.029,60.50,90.00,32.8%
14:33:58,7,AI+EXT,50,7,5,0,50.0,7.0,5.0,0.0,70.5,21.2,18.0,0.0,130.9,50.0,SOUTH,ALL RED — clearance,2.140,5.029,60.50,90.00,32.8%
14:34:03,7,AI+EXT,50,7,5,4,50.0,7.0,5.0,4.0,70.5,21.2,18.0,16.8,130.9,50.0,WEST,WEST  GREEN  (17s),2.140,5.029,60.50,90.00,32.8%
14:34:08,7,AI+EXT,50,7,5,4,50.0,7.0,5.0,4.0,70.5,21.2,18.0,16.8,130.9,50.0,WEST,WEST  GREEN  (17s),2.140,5.029,60.50,90.00,32.8%
14:34:13,7,AI+EXT,50,7,5,4,50.0,7.0,5.0,4.0,70.5,21.2,18.0,16.8,130.9,50.0,WEST,WEST  GREEN  (17s),2.140,5.029,60.50,90.00,32.8%
14:34:18,7,AI+EXT,50,7,5,4,50.0,7.0,5.0,4.0,70.5,21.2,18.0,16.8,130.9,50.0,WEST,WEST  YELLOW  (3s),2.140,5.029,60.50,90.00,32.8%
14:34:23,8,AI+EXT,57,0,0,0,57.0,0.0,0.0,0.0,77.2,0.0,0.0,0.0,126.5,50.0,NORTH,NORTH  GREEN  (77s),2.424,5.695,61.64,90.00,31.5%
14:34:28,8,AI+EXT,57,0,0,0,57.0,0.0,0.0,0.0,77.2,0.0,0.0,0.0,126.5,50.0,NORTH,NORTH  GREEN  (77s),2.424,5.695,61.64,90.00,31.5%
14:34:33,8,AI+EXT,57,0,0,0,57.0,0.0,0.0,0.0,77.2,0.0,0.0,0.0,126.5,50.0,NORTH,NORTH  GREEN  (77s),2.424,5.695,61.64,90.00,31.5%
14:34:38,8,AI+EXT,57,0,0,0,57.0,0.0,0.0,0.0,77.2,0.0,0.0,0.0,126.5,50.0,NORTH,NORTH  GREEN  (77s),2.424,5.695,61.64,90.00,31.5%
14:34:43,8,AI+EXT,57,0,0,0,57.0,0.0,0.0,0.0,77.2,0.0,0.0,0.0,126.5,50.0,NORTH,NORTH  GREEN  (77s),2.424,5.695,61.64,90.00,31.5%
14:34:48,8,AI+EXT,57,0,0,0,57.0,0.0,0.0,0.0,77.2,0.0,0.0,0.0,126.5,50.0,NORTH,NORTH  GREEN  (77s),2.424,5.695,61.64,90.00,31.5%
14:34:53,8,AI+EXT,57,0,0,0,57.0,0.0,0.0,0.0,77.2,0.0,0.0,0.0,126.5,50.0,NORTH,NORTH  GREEN  (77s),2.424,5.695,61.64,90.00,31.5%
14:34:58,8,AI+EXT,57,0,0,0,57.0,0.0,0.0,0.0,77.2,0.0,0.0,0.0,126.5,50.0,NORTH,NORTH  GREEN  (77s),2.424,5.695,61.64,90.00,31.5%
14:35:03,8,AI+EXT,57,0,0,0,57.0,0.0,0.0,0.0,77.2,0.0,0.0,0.0,126.5,50.0,NORTH,NORTH  GREEN  (77s),2.424,5.695,61.64,90.00,31.5%
14:35:08,8,AI+EXT,57,0,0,0,57.0,0.0,0.0,0.0,77.2,0.0,0.0,0.0,126.5,50.0,NORTH,NORTH  GREEN  (77s),2.424,5.695,61.64,90.00,31.5%
14:35:13,8,AI+EXT,57,0,0,0,57.0,0.0,0.0,0.0,77.2,0.0,0.0,0.0,126.5,50.0,NORTH,NORTH  GREEN  (77s),2.424,5.695,61.64,90.00,31.5%
14:35:18,8,AI+EXT,57,0,0,0,57.0,0.0,0.0,0.0,77.2,0.0,0.0,0.0,126.5,50.0,NORTH,NORTH  GREEN  (77s),2.424,5.695,61.64,90.00,31.5%
14:35:23,8,AI+EXT,57,0,0,0,57.0,0.0,0.0,0.0,77.2,0.0,0.0,0.0,126.5,50.0,NORTH,NORTH  GREEN  (77s),2.424,5.695,61.64,90.00,31.5%
14:35:28,8,AI+EXT,57,0,0,0,57.0,0.0,0.0,0.0,77.2,0.0,0.0,0.0,126.5,50.0,NORTH,NORTH  GREEN  (77s),2.424,5.695,61.64,90.00,31.5%
14:35:33,8,AI+EXT,57,0,0,0,57.0,0.0,0.0,0.0,77.2,0.0,0.0,0.0,126.5,50.0,NORTH,NORTH  GREEN  (77s),2.424,5.695,61.64,90.00,31.5%
14:35:38,8,AI+EXT,57,0,0,0,57.0,0.0,0.0,0.0,77.2,0.0,0.0,0.0,126.5,50.0,NORTH,NORTH  YELLOW  (3s),2.424,5.695,61.64,90.00,31.5%
14:35:43,8,AI+EXT,57,5,0,0,57.0,5.0,0.0,0.0,77.2,18.0,0.0,0.0,126.5,50.0,EAST,EAST  GREEN  (18s),2.424,5.695,61.64,90.00,31.5%
14:35:48,8,AI+EXT,57,5,0,0,57.0,5.0,0.0,0.0,77.2,18.0,0.0,0.0,126.5,50.0,EAST,EAST  GREEN  (18s),2.424,5.695,61.64,90.00,31.5%
14:35:53,8,AI+EXT,57,5,0,0,57.0,5.0,0.0,0.0,77.2,18.0,0.0,0.0,126.5,50.0,EAST,EAST  GREEN  (18s),2.424,5.695,61.64,90.00,31.5%
14:35:58,8,AI+EXT,57,5,0,0,57.0,5.0,0.0,0.0,77.2,18.0,0.0,0.0,126.5,50.0,EAST,EAST  GREEN  (18s),2.424,5.695,61.64,90.00,31.5%
14:36:03,8,AI+EXT,57,5,5,0,57.0,5.0,5.0,0.0,77.2,18.0,18.0,0.0,126.5,50.0,SOUTH,SOUTH  GREEN  (18s),2.424,5.695,61.64,90.00,31.5%
14:36:08,8,AI+EXT,57,5,5,0,57.0,5.0,5.0,0.0,77.2,18.0,18.0,0.0,126.5,50.0,SOUTH,SOUTH  GREEN  (18s),2.424,5.695,61.64,90.00,31.5%
14:36:13,8,AI+EXT,57,5,5,0,57.0,5.0,5.0,0.0,77.2,18.0,18.0,0.0,126.5,50.0,SOUTH,SOUTH  GREEN  (18s),2.424,5.695,61.64,90.00,31.5%
14:36:18,8,AI+EXT,57,5,5,0,57.0,5.0,5.0,0.0,77.2,18.0,18.0,0.0,126.5,50.0,SOUTH,SOUTH  GREEN  (18s),2.424,5.695,61.64,90.00,31.5%
14:36:23,8,AI+EXT,57,5,5,0,57.0,5.0,5.0,0.0,77.2,18.0,18.0,0.0,126.5,50.0,SOUTH,SOUTH  YELLOW  (3s),2.424,5.695,61.64,90.00,31.5%
14:36:28,8,AI+EXT,57,5,5,3,57.0,5.0,5.0,3.0,77.2,18.0,18.0,15.6,126.5,50.0,WEST,WEST  GREEN  (16s),2.424,5.695,61.64,90.00,31.5%
14:36:33,8,AI+EXT,57,5,5,3,57.0,5.0,5.0,3.0,77.2,18.0,18.0,15.6,126.5,50.0,WEST,WEST  GREEN  (16s),2.424,5.695,61.64,90.00,31.5%
14:36:38,8,AI+EXT,57,5,5,3,57.0,5.0,5.0,3.0,77.2,18.0,18.0,15.6,126.5,50.0,WEST,WEST  GREEN  (16s),2.424,5.695,61.64,90.00,31.5%
14:36:43,8,AI+EXT,57,5,5,3,57.0,5.0,5.0,3.0,77.2,18.0,18.0,15.6,126.5,50.0,WEST,ALL RED — clearance,2.424,5.695,61.64,90.00,31.5%
14:36:48,9,AI+EXT,58,0,0,0,58.0,0.0,0.0,0.0,78.1,0.0,0.0,0.0,128.8,50.0,NORTH,NORTH  GREEN  (78s),2.788,6.553,61.77,90.00,31.4%
14:36:54,9,AI+EXT,58,0,0,0,58.0,0.0,0.0,0.0,78.1,0.0,0.0,0.0,128.8,50.0,NORTH,NORTH  GREEN  (78s),2.788,6.553,61.77,90.00,31.4%
14:36:59,9,AI+EXT,58,0,0,0,58.0,0.0,0.0,0.0,78.1,0.0,0.0,0.0,128.8,50.0,NORTH,NORTH  GREEN  (78s),2.788,6.553,61.77,90.00,31.4%
14:37:04,9,AI+EXT,58,0,0,0,58.0,0.0,0.0,0.0,78.1,0.0,0.0,0.0,128.8,50.0,NORTH,NORTH  GREEN  (78s),2.788,6.553,61.77,90.00,31.4%
14:37:09,9,AI+EXT,58,0,0,0,58.0,0.0,0.0,0.0,78.1,0.0,0.0,0.0,128.8,50.0,NORTH,NORTH  GREEN  (78s),2.788,6.553,61.77,90.00,31.4%
14:37:14,9,AI+EXT,58,0,0,0,58.0,0.0,0.0,0.0,78.1,0.0,0.0,0.0,128.8,50.0,NORTH,NORTH  GREEN  (78s),2.788,6.553,61.77,90.00,31.4%
14:37:19,9,AI+EXT,58,0,0,0,58.0,0.0,0.0,0.0,78.1,0.0,0.0,0.0,128.8,50.0,NORTH,NORTH  GREEN  (78s),2.788,6.553,61.77,90.00,31.4%
14:37:24,9,AI+EXT,58,0,0,0,58.0,0.0,0.0,0.0,78.1,0.0,0.0,0.0,128.8,50.0,NORTH,NORTH  GREEN  (78s),2.788,6.553,61.77,90.00,31.4%
14:37:29,9,AI+EXT,58,0,0,0,58.0,0.0,0.0,0.0,78.1,0.0,0.0,0.0,128.8,50.0,NORTH,NORTH  GREEN  (78s),2.788,6.553,61.77,90.00,31.4%
14:37:34,9,AI+EXT,58,0,0,0,58.0,0.0,0.0,0.0,78.1,0.0,0.0,0.0,128.8,50.0,NORTH,NORTH  GREEN  (78s),2.788,6.553,61.77,90.00,31.4%
14:37:39,9,AI+EXT,58,0,0,0,58.0,0.0,0.0,0.0,78.1,0.0,0.0,0.0,128.8,50.0,NORTH,NORTH  GREEN  (78s),2.788,6.553,61.77,90.00,31.4%
14:37:44,9,AI+EXT,58,0,0,0,58.0,0.0,0.0,0.0,78.1,0.0,0.0,0.0,128.8,50.0,NORTH,NORTH  GREEN  (78s),2.788,6.553,61.77,90.00,31.4%
14:37:49,9,AI+EXT,58,0,0,0,58.0,0.0,0.0,0.0,78.1,0.0,0.0,0.0,128.8,50.0,NORTH,NORTH  GREEN  (78s),2.788,6.553,61.77,90.00,31.4%
14:37:54,9,AI+EXT,58,0,0,0,58.0,0.0,0.0,0.0,78.1,0.0,0.0,0.0,128.8,50.0,NORTH,NORTH  GREEN  (78s),2.788,6.553,61.77,90.00,31.4%
14:37:59,9,AI+EXT,58,0,0,0,58.0,0.0,0.0,0.0,78.1,0.0,0.0,0.0,128.8,50.0,NORTH,NORTH  GREEN  (78s),2.788,6.553,61.77,90.00,31.4%
14:38:04,9,AI+EXT,58,0,0,0,58.0,0.0,0.0,0.0,78.1,0.0,0.0,0.0,128.8,50.0,NORTH,NORTH  YELLOW  (3s),2.788,6.553,61.77,90.00,31.4%
14:38:09,9,AI+EXT,58,5,0,0,58.0,5.0,0.0,0.0,78.1,18.0,0.0,0.0,128.8,50.0,EAST,EAST  GREEN  (18s),2.788,6.553,61.77,90.00,31.4%
14:38:14,9,AI+EXT,58,5,0,0,58.0,5.0,0.0,0.0,78.1,18.0,0.0,0.0,128.8,50.0,EAST,EAST  GREEN  (18s),2.788,6.553,61.77,90.00,31.4%
14:38:19,9,AI+EXT,58,5,0,0,58.0,5.0,0.0,0.0,78.1,18.0,0.0,0.0,128.8,50.0,EAST,EAST  GREEN  (18s),2.788,6.553,61.77,90.00,31.4%
14:38:24,9,AI+EXT,58,5,0,0,58.0,5.0,0.0,0.0,78.1,18.0,0.0,0.0,128.8,50.0,EAST,EAST  GREEN  (18s),2.788,6.553,61.77,90.00,31.4%
14:38:29,9,AI+EXT,58,5,5,0,58.0,5.0,5.0,0.0,78.1,18.0,18.0,0.0,128.8,50.0,SOUTH,SOUTH  GREEN  (18s),2.788,6.553,61.77,90.00,31.4%
14:38:34,9,AI+EXT,58,5,5,0,58.0,5.0,5.0,0.0,78.1,18.0,18.0,0.0,128.8,50.0,SOUTH,SOUTH  GREEN  (18s),2.788,6.553,61.77,90.00,31.4%
14:38:39,9,AI+EXT,58,5,5,0,58.0,5.0,5.0,0.0,78.1,18.0,18.0,0.0,128.8,50.0,SOUTH,SOUTH  GREEN  (18s),2.788,6.553,61.77,90.00,31.4%
14:38:44,9,AI+EXT,58,5,5,0,58.0,5.0,5.0,0.0,78.1,18.0,18.0,0.0,128.8,50.0,SOUTH,SOUTH  GREEN  (18s),2.788,6.553,61.77,90.00,31.4%
14:38:49,9,AI+EXT,58,5,5,0,58.0,5.0,5.0,0.0,78.1,18.0,18.0,0.0,128.8,50.0,SOUTH,SOUTH  YELLOW  (3s),2.788,6.553,61.77,90.00,31.4%
14:38:54,9,AI+EXT,58,5,5,4,58.0,5.0,5.0,4.0,78.1,18.0,18.0,16.8,128.8,50.0,WEST,WEST  GREEN  (17s),2.788,6.553,61.77,90.00,31.4%
14:38:59,9,AI+EXT,58,5,5,4,58.0,5.0,5.0,4.0,78.1,18.0,18.0,16.8,128.8,50.0,WEST,WEST  GREEN  (17s),2.788,6.553,61.77,90.00,31.4%
14:39:04,9,AI+EXT,58,5,5,4,58.0,5.0,5.0,4.0,78.1,18.0,18.0,16.8,128.8,50.0,WEST,WEST  GREEN  (17s),2.788,6.553,61.77,90.00,31.4%
14:39:09,9,AI+EXT,58,5,5,4,58.0,5.0,5.0,4.0,78.1,18.0,18.0,16.8,128.8,50.0,WEST,WEST  YELLOW  (3s),2.788,6.553,61.77,90.00,31.4%
14:39:14,10,AI+EXT,52,0,0,0,52.0,0.0,0.0,0.0,72.4,0.0,0.0,0.0,130.9,50.0,NORTH,NORTH  GREEN  (72s),3.148,7.398,62.08,90.00,31.0%
14:39:19,10,AI+EXT,52,0,0,0,52.0,0.0,0.0,0.0,72.4,0.0,0.0,0.0,130.9,50.0,NORTH,NORTH  GREEN  (72s),3.148,7.398,62.08,90.00,31.0%
14:39:24,10,AI+EXT,52,0,0,0,52.0,0.0,0.0,0.0,72.4,0.0,0.0,0.0,130.9,50.0,NORTH,NORTH  GREEN  (72s),3.148,7.398,62.08,90.00,31.0%
14:39:29,10,AI+EXT,52,0,0,0,52.0,0.0,0.0,0.0,72.4,0.0,0.0,0.0,130.9,50.0,NORTH,NORTH  GREEN  (72s),3.148,7.398,62.08,90.00,31.0%
14:39:34,10,AI+EXT,52,0,0,0,52.0,0.0,0.0,0.0,72.4,0.0,0.0,0.0,130.9,50.0,NORTH,NORTH  GREEN  (72s),3.148,7.398,62.08,90.00,31.0%
14:39:39,10,AI+EXT,52,0,0,0,52.0,0.0,0.0,0.0,72.4,0.0,0.0,0.0,130.9,50.0,NORTH,NORTH  GREEN  (72s),3.148,7.398,62.08,90.00,31.0%
14:39:44,10,AI+EXT,52,0,0,0,52.0,0.0,0.0,0.0,72.4,0.0,0.0,0.0,130.9,50.0,NORTH,NORTH  GREEN  (72s),3.148,7.398,62.08,90.00,31.0%
14:39:49,10,AI+EXT,52,0,0,0,52.0,0.0,0.0,0.0,72.4,0.0,0.0,0.0,130.9,50.0,NORTH,NORTH  GREEN  (72s),3.148,7.398,62.08,90.00,31.0%
14:39:54,10,AI+EXT,52,0,0,0,52.0,0.0,0.0,0.0,72.4,0.0,0.0,0.0,130.9,50.0,NORTH,NORTH  GREEN  (72s),3.148,7.398,62.08,90.00,31.0%
14:39:59,10,AI+EXT,52,0,0,0,52.0,0.0,0.0,0.0,72.4,0.0,0.0,0.0,130.9,50.0,NORTH,NORTH  GREEN  (72s),3.148,7.398,62.08,90.00,31.0%
14:40:04,10,AI+EXT,52,0,0,0,52.0,0.0,0.0,0.0,72.4,0.0,0.0,0.0,130.9,50.0,NORTH,NORTH  GREEN  (72s),3.148,7.398,62.08,90.00,31.0%
14:40:09,10,AI+EXT,52,0,0,0,52.0,0.0,0.0,0.0,72.4,0.0,0.0,0.0,130.9,50.0,NORTH,NORTH  GREEN  (72s),3.148,7.398,62.08,90.00,31.0%
14:40:14,10,AI+EXT,52,0,0,0,52.0,0.0,0.0,0.0,72.4,0.0,0.0,0.0,130.9,50.0,NORTH,NORTH  GREEN  (72s),3.148,7.398,62.08,90.00,31.0%
14:40:20,10,AI+EXT,52,0,0,0,52.0,0.0,0.0,0.0,72.4,0.0,0.0,0.0,130.9,50.0,NORTH,NORTH  GREEN  (72s),3.148,7.398,62.08,90.00,31.0%
14:40:25,10,AI+EXT,52,0,0,0,52.0,0.0,0.0,0.0,72.4,0.0,0.0,0.0,130.9,50.0,NORTH,NORTH  YELLOW  (3s),3.148,7.398,62.08,90.00,31.0%
14:40:30,10,AI+EXT,52,7,0,0,52.0,7.0,0.0,0.0,72.4,21.2,0.0,0.0,130.9,50.0,EAST,EAST  GREEN  (21s),3.148,7.398,62.08,90.00,31.0%
14:40:35,10,AI+EXT,52,7,0,0,52.0,7.0,0.0,0.0,72.4,21.2,0.0,0.0,130.9,50.0,EAST,EAST  GREEN  (21s),3.148,7.398,62.08,90.00,31.0%
14:40:40,10,AI+EXT,52,7,0,0,52.0,7.0,0.0,0.0,72.4,21.2,0.0,0.0,130.9,50.0,EAST,EAST  GREEN  (21s),3.148,7.398,62.08,90.00,31.0%
14:40:45,10,AI+EXT,52,7,0,0,52.0,7.0,0.0,0.0,72.4,21.2,0.0,0.0,130.9,50.0,EAST,EAST  GREEN  (21s),3.148,7.398,62.08,90.00,31.0%
14:40:50,10,AI+EXT,52,7,0,0,52.0,7.0,0.0,0.0,72.4,21.2,0.0,0.0,130.9,50.0,EAST,EAST  YELLOW  (3s),3.148,7.398,62.08,90.00,31.0%
14:40:55,10,AI+EXT,52,7,4,0,52.0,7.0,4.0,0.0,72.4,21.2,16.8,0.0,130.9,50.0,SOUTH,SOUTH  GREEN  (17s),3.148,7.398,62.08,90.00,31.0%
14:41:00,10,AI+EXT,52,7,4,0,52.0,7.0,4.0,0.0,72.4,21.2,16.8,0.0,130.9,50.0,SOUTH,SOUTH  GREEN  (17s),3.148,7.398,62.08,90.00,31.0%
14:41:05,10,AI+EXT,52,7,4,0,52.0,7.0,4.0,0.0,72.4,21.2,16.8,0.0,130.9,50.0,SOUTH,SOUTH  GREEN  (17s),3.148,7.398,62.08,90.00,31.0%
14:41:10,10,AI+EXT,52,7,4,0,52.0,7.0,4.0,0.0,72.4,21.2,16.8,0.0,130.9,50.0,SOUTH,SOUTH  GREEN  (17s),3.148,7.398,62.08,90.00,31.0%
14:41:15,10,AI+EXT,52,7,4,1,52.0,7.0,4.0,1.0,72.4,21.2,16.8,13.2,130.9,50.0,WEST,WEST  GREEN  (13s),3.148,7.398,62.08,90.00,31.0%
14:41:20,10,AI+EXT,52,7,4,1,52.0,7.0,4.0,1.0,72.4,21.2,16.8,13.2,130.9,50.0,WEST,WEST  GREEN  (13s),3.148,7.398,62.08,90.00,31.0%
14:41:25,10,AI+EXT,52,7,4,1,52.0,7.0,4.0,1.0,72.4,21.2,16.8,13.2,130.9,50.0,WEST,WEST  GREEN  (13s),3.148,7.398,62.08,90.00,31.0%
14:41:30,10,AI+EXT,52,7,4,1,52.0,7.0,4.0,1.0,72.4,21.2,16.8,13.2,130.9,50.0,WEST,WEST  YELLOW  (3s),3.148,7.398,62.08,90.00,31.0%
14:41:35,11,AI+EXT,54,0,0,0,54.0,0.0,0.0,0.0,74.3,0.0,0.0,0.0,123.6,50.0,NORTH,NORTH  GREEN  (74s),3.484,8.188,61.99,90.00,31.1%
14:41:40,11,AI+EXT,54,0,0,0,54.0,0.0,0.0,0.0,74.3,0.0,0.0,0.0,123.6,50.0,NORTH,NORTH  GREEN  (74s),3.484,8.188,61.99,90.00,31.1%
14:41:45,11,AI+EXT,54,0,0,0,54.0,0.0,0.0,0.0,74.3,0.0,0.0,0.0,123.6,50.0,NORTH,NORTH  GREEN  (74s),3.484,8.188,61.99,90.00,31.1%
14:41:50,11,AI+EXT,54,0,0,0,54.0,0.0,0.0,0.0,74.3,0.0,0.0,0.0,123.6,50.0,NORTH,NORTH  GREEN  (74s),3.484,8.188,61.99,90.00,31.1%
14:41:55,11,AI+EXT,54,0,0,0,54.0,0.0,0.0,0.0,74.3,0.0,0.0,0.0,123.6,50.0,NORTH,NORTH  GREEN  (74s),3.484,8.188,61.99,90.00,31.1%
14:42:00,11,AI+EXT,54,0,0,0,54.0,0.0,0.0,0.0,74.3,0.0,0.0,0.0,123.6,50.0,NORTH,NORTH  GREEN  (74s),3.484,8.188,61.99,90.00,31.1%
14:42:05,11,AI+EXT,54,0,0,0,54.0,0.0,0.0,0.0,74.3,0.0,0.0,0.0,123.6,50.0,NORTH,NORTH  GREEN  (74s),3.484,8.188,61.99,90.00,31.1%
14:42:10,11,AI+EXT,54,0,0,0,54.0,0.0,0.0,0.0,74.3,0.0,0.0,0.0,123.6,50.0,NORTH,NORTH  GREEN  (74s),3.484,8.188,61.99,90.00,31.1%
14:42:15,11,AI+EXT,54,0,0,0,54.0,0.0,0.0,0.0,74.3,0.0,0.0,0.0,123.6,50.0,NORTH,NORTH  GREEN  (74s),3.484,8.188,61.99,90.00,31.1%
14:42:21,11,AI+EXT,54,0,0,0,54.0,0.0,0.0,0.0,74.3,0.0,0.0,0.0,123.6,50.0,NORTH,NORTH  GREEN  (74s),3.484,8.188,61.99,90.00,31.1%
14:42:26,11,AI+EXT,54,0,0,0,54.0,0.0,0.0,0.0,74.3,0.0,0.0,0.0,123.6,50.0,NORTH,NORTH  GREEN  (74s),3.484,8.188,61.99,90.00,31.1%
14:42:31,11,AI+EXT,54,0,0,0,54.0,0.0,0.0,0.0,74.3,0.0,0.0,0.0,123.6,50.0,NORTH,NORTH  GREEN  (74s),3.484,8.188,61.99,90.00,31.1%
14:42:36,11,AI+EXT,54,0,0,0,54.0,0.0,0.0,0.0,74.3,0.0,0.0,0.0,123.6,50.0,NORTH,NORTH  GREEN  (74s),3.484,8.188,61.99,90.00,31.1%
14:42:41,11,AI+EXT,54,0,0,0,54.0,0.0,0.0,0.0,74.3,0.0,0.0,0.0,123.6,50.0,NORTH,NORTH  GREEN  (74s),3.484,8.188,61.99,90.00,31.1%
14:42:46,11,AI+EXT,54,0,0,0,54.0,0.0,0.0,0.0,74.3,0.0,0.0,0.0,123.6,50.0,NORTH,NORTH  YELLOW  (3s),3.484,8.188,61.99,90.00,31.1%
14:42:51,11,AI+EXT,54,5,0,0,54.0,5.0,0.0,0.0,74.3,18.0,0.0,0.0,123.6,50.0,EAST,EAST  GREEN  (18s),3.484,8.188,61.99,90.00,31.1%
14:42:56,11,AI+EXT,54,5,0,0,54.0,5.0,0.0,0.0,74.3,18.0,0.0,0.0,123.6,50.0,EAST,EAST  GREEN  (18s),3.484,8.188,61.99,90.00,31.1%
14:43:01,11,AI+EXT,54,5,0,0,54.0,5.0,0.0,0.0,74.3,18.0,0.0,0.0,123.6,50.0,EAST,EAST  GREEN  (18s),3.484,8.188,61.99,90.00,31.1%
14:43:06,11,AI+EXT,54,5,0,0,54.0,5.0,0.0,0.0,74.3,18.0,0.0,0.0,123.6,50.0,EAST,EAST  GREEN  (18s),3.484,8.188,61.99,90.00,31.1%
14:43:11,11,AI+EXT,54,5,0,0,54.0,5.0,0.0,0.0,74.3,18.0,0.0,0.0,123.6,50.0,EAST,ALL RED — clearance,3.484,8.188,61.99,90.00,31.1%
14:43:16,11,AI+EXT,54,5,7,0,54.0,5.0,7.0,0.0,74.3,18.0,21.2,0.0,123.6,50.0,SOUTH,SOUTH  GREEN  (21s),3.484,8.188,61.99,90.00,31.1%
14:43:21,11,AI+EXT,54,5,7,0,54.0,5.0,7.0,0.0,74.3,18.0,21.2,0.0,123.6,50.0,SOUTH,SOUTH  GREEN  (21s),3.484,8.188,61.99,90.00,31.1%
14:43:26,11,AI+EXT,54,5,7,0,54.0,5.0,7.0,0.0,74.3,18.0,21.2,0.0,123.6,50.0,SOUTH,SOUTH  GREEN  (21s),3.484,8.188,61.99,90.00,31.1%
14:43:31,11,AI+EXT,54,5,7,0,54.0,5.0,7.0,0.0,74.3,18.0,21.2,0.0,123.6,50.0,SOUTH,SOUTH  GREEN  (21s),3.484,8.188,61.99,90.00,31.1%
14:43:36,11,AI+EXT,54,5,7,0,54.0,5.0,7.0,0.0,74.3,18.0,21.2,0.0,123.6,50.0,SOUTH,ALL RED — clearance,3.484,8.188,61.99,90.00,31.1%
14:43:41,11,AI+EXT,54,5,7,4,54.0,5.0,7.0,4.0,74.3,18.0,21.2,16.8,123.6,50.0,WEST,WEST  GREEN  (17s),3.484,8.188,61.99,90.00,31.1%
14:43:46,11,AI+EXT,54,5,7,4,54.0,5.0,7.0,4.0,74.3,18.0,21.2,16.8,123.6,50.0,WEST,WEST  GREEN  (17s),3.484,8.188,61.99,90.00,31.1%
14:43:51,11,AI+EXT,54,5,7,4,54.0,5.0,7.0,4.0,74.3,18.0,21.2,16.8,123.6,50.0,WEST,WEST  GREEN  (17s),3.484,8.188,61.99,90.00,31.1%
14:43:57,11,AI+EXT,54,5,7,4,54.0,5.0,7.0,4.0,74.3,18.0,21.2,16.8,123.6,50.0,WEST,WEST  YELLOW  (3s),3.484,8.188,61.99,90.00,31.1%
14:44:02,12,AI+EXT,55,0,0,0,55.0,0.0,0.0,0.0,75.2,0.0,0.0,0.0,130.3,50.0,NORTH,NORTH  GREEN  (75s),3.790,8.907,62.59,90.00,30.5%
14:44:07,12,AI+EXT,55,0,0,0,55.0,0.0,0.0,0.0,75.2,0.0,0.0,0.0,130.3,50.0,NORTH,NORTH  GREEN  (75s),3.790,8.907,62.59,90.00,30.5%
14:44:12,12,AI+EXT,55,0,0,0,55.0,0.0,0.0,0.0,75.2,0.0,0.0,0.0,130.3,50.0,NORTH,NORTH  GREEN  (75s),3.790,8.907,62.59,90.00,30.5%
14:44:17,12,AI+EXT,55,0,0,0,55.0,0.0,0.0,0.0,75.2,0.0,0.0,0.0,130.3,50.0,NORTH,NORTH  GREEN  (75s),3.790,8.907,62.59,90.00,30.5%
